,count,mean,std,min,25%,50%,75%,max
TRANS_ID,10000.0,5000.5,2886.8956799071675,1.0,2500.75,5000.5,7500.25,10000.0
STORE_CODE,10000.0,50.1345,28.46840449964619,1.0,25.0,50.0,75.0,99.0
CUST_ID,10000.0,501.2516,288.26487465738194,1.0,249.0,506.5,748.25,999.0
PRODUCT_CODE,10000.0,251.4088,145.23437535562473,1.0,124.75,254.0,377.25,499.0
BARCODE,10000.0,5530584.3771,2615808.0352734337,1000443.0,3288976.75,5500931.5,7815322.5,9999752.0
AMOUNT,10000.0,5.0233,2.570956649150114,1.0,3.0,5.0,7.0,9.0
UNIT_PRICE,10000.0,502.1065114449471,286.430193234784,10.016568895355398,251.86301906141955,499.5491977139078,753.1490848448195,999.9724258943024
