{
  "Ensemble": {
    "clustering_method": "Ensemble",
    "fraud_rate": 0.16067,
    "metrics": {
      "precision": 0.16520414823409965,
      "recall": 1.0,
      "f1": 0.2835625816891766,
      "auc": 0.5
    },
    "top_k": {
      "top_100": 0.13,
      "top_500": 0.156,
      "top_1000": 0.155
    },
    "confusion_matrix": [
      [
        0,
        11511
      ],
      [
        0,
        2278
      ]
    ],
    "training_history": {
      "best_epoch": 10,
      "best_val_loss": 0.6707327078889918
    }
  },
  "KMeans_best": {
    "clustering_method": "KMeans_best",
    "fraud_rate": 0.08153,
    "metrics": {
      "precision": 0.08760606280368409,
      "recall": 1.0,
      "f1": 0.16109888644395545,
      "auc": 0.5
    },
    "top_k": {
      "top_100": 0.15,
      "top_500": 0.098,
      "top_1000": 0.093
    },
    "confusion_matrix": [
      [
        0,
        12581
      ],
      [
        0,
        1208
      ]
    ],
    "training_history": {
      "best_epoch": 1,
      "best_val_loss": 0.6834255302393878
    }
  },
  "IsolationForest_best": {
    "clustering_method": "IsolationForest_best",
    "fraud_rate": 0.01,
    "metrics": {
      "precision": 0.0,
      "recall": 0.0,
      "f1": 0.0,
      "auc": 0.5
    },
    "top_k": {
      "top_100": 0.0,
      "top_500": 0.006,
      "top_1000": 0.009
    },
    "confusion_matrix": [
      [
        13687,
        0
      ],
      [
        102,
        0
      ]
    ],
    "training_history": {
      "best_epoch": 1,
      "best_val_loss": 0.6761430259104129
    }
  },
  "GMM_best": {
    "clustering_method": "GMM_best",
    "fraud_rate": 0.07605,
    "metrics": {
      "precision": 0.07781565015592139,
      "recall": 1.0,
      "f1": 0.14439510160139954,
      "auc": 0.5
    },
    "top_k": {
      "top_100": 0.06,
      "top_500": 0.088,
      "top_1000": 0.083
    },
    "confusion_matrix": [
      [
        0,
        12716
      ],
      [
        0,
        1073
      ]
    ],
    "training_history": {
      "best_epoch": 4,
      "best_val_loss": 0.6742099589771695
    }
  }
}